Electoral District Number/Numéro de circonscription,Electoral District Name_English/Nom de circonscription_Anglais,Electoral District Name_French/Nom de circonscription_Français,Polling Station Number/Numéro du bureau de scrutin,Polling Station Name/Nom du bureau de scrutin,Void Poll Indicator/Indicateur de bureau supprimé,No Poll Held Indicator/Indicateur de bureau sans scrutin,Merge With/Fusionné avec,Rejected Ballots for Polling Station/Bulletins rejetés du bureau,Electors for Polling Station/Électeurs du bureau,Candidate's Family Name/Nom de famille du candidat,Candidate's Middle Name/Second prénom du candidat,Candidate's First Name/Prénom du candidat,Political Affiliation Name_English/Appartenance politique_Anglais,Political Affiliation Name_French/Appartenance politique_Français,Incumbent Indicator/Indicateur_Candidat sortant,Elected Candidate Indicator/Indicateur du candidat élu,Candidate Poll Votes Count/Votes du candidat pour le bureau
11004,"Malpeque","Malpeque"," 1","Darnley",N,N,"",0,318,"Easter","","Wayne","Liberal","Libéral",Y,Y,104
11004,"Malpeque","Malpeque"," 1","Darnley",N,N,"",0,318,"Labchuk","","Sharon","Green Party","Parti Vert",N,N,10
11004,"Malpeque","Malpeque"," 1","Darnley",N,N,"",0,318,"Marshall","","George","N.D.P.","N.P.D.",N,N,10
11004,"Malpeque","Malpeque"," 1","Darnley",N,N,"",0,318,"Noble","","George","Conservative","Conservateur",N,N,71
11004,"Malpeque","Malpeque"," 2","Park Corner",N,N,"",2,356,"Easter","","Wayne","Liberal","Libéral",Y,Y,90
11004,"Malpeque","Malpeque"," 2","Park Corner",N,N,"",2,356,"Labchuk","","Sharon","Green Party","Parti Vert",N,N,14
11004,"Malpeque","Malpeque"," 2","Park Corner",N,N,"",2,356,"Marshall","","George","N.D.P.","N.P.D.",N,N,21
11004,"Malpeque","Malpeque"," 2","Park Corner",N,N,"",2,356,"Noble","","George","Conservative","Conservateur",N,N,86
11004,"Malpeque","Malpeque"," 3","Spring Valley",N,N,"",0,428,"Easter","","Wayne","Liberal","Libéral",Y,Y,129
11004,"Malpeque","Malpeque"," 3","Spring Valley",N,N,"",0,428,"Labchuk","","Sharon","Green Party","Parti Vert",N,N,14
11004,"Malpeque","Malpeque"," 3","Spring Valley",N,N,"",0,428,"Marshall","","George","N.D.P.","N.P.D.",N,N,20
11004,"Malpeque","Malpeque"," 3","Spring Valley",N,N,"",0,428,"Noble","","George","Conservative","Conservateur",N,N,100
11004,"Malpeque","Malpeque"," 4","Southwest River",N,N,"",0,269,"Easter","","Wayne","Liberal","Libéral",Y,Y,79
11004,"Malpeque","Malpeque"," 4","Southwest River",N,N,"",0,269,"Labchuk","","Sharon","Green Party","Parti Vert",N,N,11
11004,"Malpeque","Malpeque"," 4","Southwest River",N,N,"",0,269,"Marshall","","George","N.D.P.","N.P.D.",N,N,19
11004,"Malpeque","Malpeque"," 4","Southwest River",N,N,"",0,269,"Noble","","George","Conservative","Conservateur",N,N,54
11004,"Malpeque","Malpeque"," 5","New London",N,N,"",0,452,"Easter","","Wayne","Liberal","Libéral",Y,Y,138
11004,"Malpeque","Malpeque"," 5","New London",N,N,"",0,452,"Labchuk","","Sharon","Green Party","Parti Vert",N,N,24
11004,"Malpeque","Malpeque"," 5","New London",N,N,"",0,452,"Marshall","","George","N.D.P.","N.P.D.",N,N,32
11004,"Malpeque","Malpeque"," 5","New London",N,N,"",0,452,"Noble","","George","Conservative","Conservateur",N,N,112
11004,"Malpeque","Malpeque"," 6A","Margate",N,N,"",1,287,"Easter","","Wayne","Liberal","Libéral",Y,Y,76
11004,"Malpeque","Malpeque"," 6A","Margate",N,N,"",1,287,"Labchuk","","Sharon","Green Party","Parti Vert",N,N,5
11004,"Malpeque","Malpeque"," 6A","Margate",N,N,"",1,287,"Marshall","","George","N.D.P.","N.P.D.",N,N,15
11004,"Malpeque","Malpeque"," 6A","Margate",N,N,"",1,287,"Noble","","George","Conservative","Conservateur",N,N,46
11004,"Malpeque","Malpeque"," 6B","Margate",N,N,"",1,273,"Easter","","Wayne","Liberal","Libéral",Y,Y,44
11004,"Malpeque","Malpeque"," 6B","Margate",N,N,"",1,273,"Labchuk","","Sharon","Green Party","Parti Vert",N,N,5
11004,"Malpeque","Malpeque"," 6B","Margate",N,N,"",1,273,"Marshall","","George","N.D.P.","N.P.D.",N,N,15
11004,"Malpeque","Malpeque"," 6B","Margate",N,N,"",1,273,"Noble","","George","Conservative","Conservateur",N,N,52
11004,"Malpeque","Malpeque"," 7","Kensington East",N,N,"",2,321,"Easter","","Wayne","Liberal","Libéral",Y,Y,68
11004,"Malpeque","Malpeque"," 7","Kensington East",N,N,"",2,321,"Labchuk","","Sharon","Green Party","Parti Vert",N,N,8
11004,"Malpeque","Malpeque"," 7","Kensington East",N,N,"",2,321,"Marshall","","George","N.D.P.","N.P.D.",N,N,25
11004,"Malpeque","Malpeque"," 7","Kensington East",N,N,"",2,321,"Noble","","George","Conservative","Conservateur",N,N,56
11004,"Malpeque","Malpeque"," 8","Clermont",N,N,"",2,473,"Easter","","Wayne","Liberal","Libéral",Y,Y,106
11004,"Malpeque","Malpeque"," 8","Clermont",N,N,"",2,473,"Labchuk","","Sharon","Green Party","Parti Vert",N,N,8
11004,"Malpeque","Malpeque"," 8","Clermont",N,N,"",2,473,"Marshall","","George","N.D.P.","N.P.D.",N,N,31
11004,"Malpeque","Malpeque"," 8","Clermont",N,N,"",2,473,"Noble","","George","Conservative","Conservateur",N,N,96
11004,"Malpeque","Malpeque"," 9","Kensington Central",N,N,"",3,276,"Easter","","Wayne","Liberal","Libéral",Y,Y,62
11004,"Malpeque","Malpeque"," 9","Kensington Central",N,N,"",3,276,"Labchuk","","Sharon","Green Party","Parti Vert",N,N,11
11004,"Malpeque","Malpeque"," 9","Kensington Central",N,N,"",3,276,"Marshall","","George","N.D.P.","N.P.D.",N,N,21
11004,"Malpeque","Malpeque"," 9","Kensington Central",N,N,"",3,276,"Noble","","George","Conservative","Conservateur",N,N,67
11004,"Malpeque","Malpeque"," 10","Kensington South",N,N,"",4,371,"Easter","","Wayne","Liberal","Libéral",Y,Y,95
11004,"Malpeque","Malpeque"," 10","Kensington South",N,N,"",4,371,"Labchuk","","Sharon","Green Party","Parti Vert",N,N,8
11004,"Malpeque","Malpeque"," 10","Kensington South",N,N,"",4,371,"Marshall","","George","N.D.P.","N.P.D.",N,N,17
11004,"Malpeque","Malpeque"," 10","Kensington South",N,N,"",4,371,"Noble","","George","Conservative","Conservateur",N,N,89
11004,"Malpeque","Malpeque"," 11","Travellers Rest",N,N,"",1,428,"Easter","","Wayne","Liberal","Libéral",Y,Y,117
11004,"Malpeque","Malpeque"," 11","Travellers Rest",N,N,"",1,428,"Labchuk","","Sharon","Green Party","Parti Vert",N,N,9
11004,"Malpeque","Malpeque"," 11","Travellers Rest",N,N,"",1,428,"Marshall","","George","N.D.P.","N.P.D.",N,N,32
11004,"Malpeque","Malpeque"," 11","Travellers Rest",N,N,"",1,428,"Noble","","George","Conservative","Conservateur",N,N,88
11004,"Malpeque","Malpeque"," 12","New Annan",N,N,"",0,246,"Easter","","Wayne","Liberal","Libéral",Y,Y,57
11004,"Malpeque","Malpeque"," 12","New Annan",N,N,"",0,246,"Labchuk","","Sharon","Green Party","Parti Vert",N,N,4
11004,"Malpeque","Malpeque"," 12","New Annan",N,N,"",0,246,"Marshall","","George","N.D.P.","N.P.D.",N,N,10
11004,"Malpeque","Malpeque"," 12","New Annan",N,N,"",0,246,"Noble","","George","Conservative","Conservateur",N,N,39
11004,"Malpeque","Malpeque"," 13","Mill Valley",N,N,"",1,285,"Easter","","Wayne","Liberal","Libéral",Y,Y,81
11004,"Malpeque","Malpeque"," 13","Mill Valley",N,N,"",1,285,"Labchuk","","Sharon","Green Party","Parti Vert",N,N,9
11004,"Malpeque","Malpeque"," 13","Mill Valley",N,N,"",1,285,"Marshall","","George","N.D.P.","N.P.D.",N,N,15
11004,"Malpeque","Malpeque"," 13","Mill Valley",N,N,"",1,285,"Noble","","George","Conservative","Conservateur",N,N,54
11004,"Malpeque","Malpeque"," 14","North Bedeque",N,N,"",2,463,"Easter","","Wayne","Liberal","Libéral",Y,Y,145
11004,"Malpeque","Malpeque"," 14","North Bedeque",N,N,"",2,463,"Labchuk","","Sharon","Green Party","Parti Vert",N,N,16
11004,"Malpeque","Malpeque"," 14","North Bedeque",N,N,"",2,463,"Marshall","","George","N.D.P.","N.P.D.",N,N,38
11004,"Malpeque","Malpeque"," 14","North Bedeque",N,N,"",2,463,"Noble","","George","Conservative","Conservateur",N,N,90
11004,"Malpeque","Malpeque"," 15","Central Bedeque",N,N,"",0,323,"Easter","","Wayne","Liberal","Libéral",Y,Y,89
11004,"Malpeque","Malpeque"," 15","Central Bedeque",N,N,"",0,323,"Labchuk","","Sharon","Green Party","Parti Vert",N,N,5
11004,"Malpeque","Malpeque"," 15","Central Bedeque",N,N,"",0,323,"Marshall","","George","N.D.P.","N.P.D.",N,N,31
11004,"Malpeque","Malpeque"," 15","Central Bedeque",N,N,"",0,323,"Noble","","George","Conservative","Conservateur",N,N,83
11004,"Malpeque","Malpeque"," 16","South Freetown",N,N,"",3,449,"Easter","","Wayne","Liberal","Libéral",Y,Y,160
11004,"Malpeque","Malpeque"," 16","South Freetown",N,N,"",3,449,"Labchuk","","Sharon","Green Party","Parti Vert",N,N,5
11004,"Malpeque","Malpeque"," 16","South Freetown",N,N,"",3,449,"Marshall","","George","N.D.P.","N.P.D.",N,N,31
11004,"Malpeque","Malpeque"," 16","South Freetown",N,N,"",3,449,"Noble","","George","Conservative","Conservateur",N,N,71
11004,"Malpeque","Malpeque"," 17","Somerset",N,N,"",3,454,"Easter","","Wayne","Liberal","Libéral",Y,Y,133
11004,"Malpeque","Malpeque"," 17","Somerset",N,N,"",3,454,"Labchuk","","Sharon","Green Party","Parti Vert",N,N,10
11004,"Malpeque","Malpeque"," 17","Somerset",N,N,"",3,454,"Marshall","","George","N.D.P.","N.P.D.",N,N,40
11004,"Malpeque","Malpeque"," 17","Somerset",N,N,"",3,454,"Noble","","George","Conservative","Conservateur",N,N,101
11004,"Malpeque","Malpeque"," 18","Lower Bedeque",N,N,"",0,380,"Easter","","Wayne","Liberal","Libéral",Y,Y,140
11004,"Malpeque","Malpeque"," 18","Lower Bedeque",N,N,"",0,380,"Labchuk","","Sharon","Green Party","Parti Vert",N,N,11
11004,"Malpeque","Malpeque"," 18","Lower Bedeque",N,N,"",0,380,"Marshall","","George","N.D.P.","N.P.D.",N,N,29
11004,"Malpeque","Malpeque"," 18","Lower Bedeque",N,N,"",0,380,"Noble","","George","Conservative","Conservateur",N,N,75
11004,"Malpeque","Malpeque"," 19","Albany",N,N,"",0,392,"Easter","","Wayne","Liberal","Libéral",Y,Y,151
11004,"Malpeque","Malpeque"," 19","Albany",N,N,"",0,392,"Labchuk","","Sharon","Green Party","Parti Vert",N,N,4
11004,"Malpeque","Malpeque"," 19","Albany",N,N,"",0,392,"Marshall","","George","N.D.P.","N.P.D.",N,N,22
11004,"Malpeque","Malpeque"," 19","Albany",N,N,"",0,392,"Noble","","George","Conservative","Conservateur",N,N,69
11004,"Malpeque","Malpeque"," 20","Tryon",N,N,"",0,257,"Easter","","Wayne","Liberal","Libéral",Y,Y,104
11004,"Malpeque","Malpeque"," 20","Tryon",N,N,"",0,257,"Labchuk","","Sharon","Green Party","Parti Vert",N,N,11
11004,"Malpeque","Malpeque"," 20","Tryon",N,N,"",0,257,"Marshall","","George","N.D.P.","N.P.D.",N,N,22
11004,"Malpeque","Malpeque"," 20","Tryon",N,N,"",0,257,"Noble","","George","Conservative","Conservateur",N,N,66
11004,"Malpeque","Malpeque"," 21","Carleton",N,N,"",1,285,"Easter","","Wayne","Liberal","Libéral",Y,Y,110
11004,"Malpeque","Malpeque"," 21","Carleton",N,N,"",1,285,"Labchuk","","Sharon","Green Party","Parti Vert",N,N,5
11004,"Malpeque","Malpeque"," 21","Carleton",N,N,"",1,285,"Marshall","","George","N.D.P.","N.P.D.",N,N,16
11004,"Malpeque","Malpeque"," 21","Carleton",N,N,"",1,285,"Noble","","George","Conservative","Conservateur",N,N,50
11004,"Malpeque","Malpeque"," 22","Borden--Cape Traverse",N,N,"",1,482,"Easter","","Wayne","Liberal","Libéral",Y,Y,172
11004,"Malpeque","Malpeque"," 22","Borden--Cape Traverse",N,N,"",1,482,"Labchuk","","Sharon","Green Party","Parti Vert",N,N,9
11004,"Malpeque","Malpeque"," 22","Borden--Cape Traverse",N,N,"",1,482,"Marshall","","George","N.D.P.","N.P.D.",N,N,44
11004,"Malpeque","Malpeque"," 22","Borden--Cape Traverse",N,N,"",1,482,"Noble","","George","Conservative","Conservateur",N,N,125
11004,"Malpeque","Malpeque"," 23","Augustine Cove",N,N,"",1,267,"Easter","","Wayne","Liberal","Libéral",Y,Y,76
11004,"Malpeque","Malpeque"," 23","Augustine Cove",N,N,"",1,267,"Labchuk","","Sharon","Green Party","Parti Vert",N,N,5
11004,"Malpeque","Malpeque"," 23","Augustine Cove",N,N,"",1,267,"Marshall","","George","N.D.P.","N.P.D.",N,N,22
11004,"Malpeque","Malpeque"," 23","Augustine Cove",N,N,"",1,267,"Noble","","George","Conservative","Conservateur",N,N,71
11004,"Malpeque","Malpeque"," 24","Cavendish",N,N,"",3,301,"Easter","","Wayne","Liberal","Libéral",Y,Y,101
11004,"Malpeque","Malpeque"," 24","Cavendish",N,N,"",3,301,"Labchuk","","Sharon","Green Party","Parti Vert",N,N,9
11004,"Malpeque","Malpeque"," 24","Cavendish",N,N,"",3,301,"Marshall","","George","N.D.P.","N.P.D.",N,N,14
11004,"Malpeque","Malpeque"," 24","Cavendish",N,N,"",3,301,"Noble","","George","Conservative","Conservateur",N,N,80
11004,"Malpeque","Malpeque"," 25","North Rustico",N,N,"",2,370,"Easter","","Wayne","Liberal","Libéral",Y,Y,127
11004,"Malpeque","Malpeque"," 25","North Rustico",N,N,"",2,370,"Labchuk","","Sharon","Green Party","Parti Vert",N,N,16
11004,"Malpeque","Malpeque"," 25","North Rustico",N,N,"",2,370,"Marshall","","George","N.D.P.","N.P.D.",N,N,22
11004,"Malpeque","Malpeque"," 25","North Rustico",N,N,"",2,370,"Noble","","George","Conservative","Conservateur",N,N,100
11004,"Malpeque","Malpeque"," 26","Rusticoville",N,N,"",3,390,"Easter","","Wayne","Liberal","Libéral",Y,Y,111
11004,"Malpeque","Malpeque"," 26","Rusticoville",N,N,"",3,390,"Labchuk","","Sharon","Green Party","Parti Vert",N,N,14
11004,"Malpeque","Malpeque"," 26","Rusticoville",N,N,"",3,390,"Marshall","","George","N.D.P.","N.P.D.",N,N,37
11004,"Malpeque","Malpeque"," 26","Rusticoville",N,N,"",3,390,"Noble","","George","Conservative","Conservateur",N,N,120
11004,"Malpeque","Malpeque"," 27","South Rustico",N,N,"",3,511,"Easter","","Wayne","Liberal","Libéral",Y,Y,165
11004,"Malpeque","Malpeque"," 27","South Rustico",N,N,"",3,511,"Labchuk","","Sharon","Green Party","Parti Vert",N,N,12
11004,"Malpeque","Malpeque"," 27","South Rustico",N,N,"",3,511,"Marshall","","George","N.D.P.","N.P.D.",N,N,39
11004,"Malpeque","Malpeque"," 27","South Rustico",N,N,"",3,511,"Noble","","George","Conservative","Conservateur",N,N,137
11004,"Malpeque","Malpeque"," 28","Ebenezer",N,N,"",0,340,"Easter","","Wayne","Liberal","Libéral",Y,Y,128
11004,"Malpeque","Malpeque"," 28","Ebenezer",N,N,"",0,340,"Labchuk","","Sharon","Green Party","Parti Vert",N,N,8
11004,"Malpeque","Malpeque"," 28","Ebenezer",N,N,"",0,340,"Marshall","","George","N.D.P.","N.P.D.",N,N,16
11004,"Malpeque","Malpeque"," 28","Ebenezer",N,N,"",0,340,"Noble","","George","Conservative","Conservateur",N,N,73
11004,"Malpeque","Malpeque"," 29","New Glasgow",N,N,"",1,531,"Easter","","Wayne","Liberal","Libéral",Y,Y,150
11004,"Malpeque","Malpeque"," 29","New Glasgow",N,N,"",1,531,"Labchuk","","Sharon","Green Party","Parti Vert",N,N,25
11004,"Malpeque","Malpeque"," 29","New Glasgow",N,N,"",1,531,"Marshall","","George","N.D.P.","N.P.D.",N,N,29
11004,"Malpeque","Malpeque"," 29","New Glasgow",N,N,"",1,531,"Noble","","George","Conservative","Conservateur",N,N,138
11004,"Malpeque","Malpeque"," 30","Hunter River",N,N,"",0,358,"Easter","","Wayne","Liberal","Libéral",Y,Y,119
11004,"Malpeque","Malpeque"," 30","Hunter River",N,N,"",0,358,"Labchuk","","Sharon","Green Party","Parti Vert",N,N,10
11004,"Malpeque","Malpeque"," 30","Hunter River",N,N,"",0,358,"Marshall","","George","N.D.P.","N.P.D.",N,N,26
11004,"Malpeque","Malpeque"," 30","Hunter River",N,N,"",0,358,"Noble","","George","Conservative","Conservateur",N,N,56
11004,"Malpeque","Malpeque"," 31","Emerald",N,N,"",4,369,"Easter","","Wayne","Liberal","Libéral",Y,Y,133
11004,"Malpeque","Malpeque"," 31","Emerald",N,N,"",4,369,"Labchuk","","Sharon","Green Party","Parti Vert",N,N,10
11004,"Malpeque","Malpeque"," 31","Emerald",N,N,"",4,369,"Marshall","","George","N.D.P.","N.P.D.",N,N,14
11004,"Malpeque","Malpeque"," 31","Emerald",N,N,"",4,369,"Noble","","George","Conservative","Conservateur",N,N,73
11004,"Malpeque","Malpeque"," 32","Fredericton",N,N,"",0,379,"Easter","","Wayne","Liberal","Libéral",Y,Y,106
11004,"Malpeque","Malpeque"," 32","Fredericton",N,N,"",0,379,"Labchuk","","Sharon","Green Party","Parti Vert",N,N,15
11004,"Malpeque","Malpeque"," 32","Fredericton",N,N,"",0,379,"Marshall","","George","N.D.P.","N.P.D.",N,N,26
11004,"Malpeque","Malpeque"," 32","Fredericton",N,N,"",0,379,"Noble","","George","Conservative","Conservateur",N,N,75
11004,"Malpeque","Malpeque"," 33","Darlington",N,N,"",0,316,"Easter","","Wayne","Liberal","Libéral",Y,Y,110
11004,"Malpeque","Malpeque"," 33","Darlington",N,N,"",0,316,"Labchuk","","Sharon","Green Party","Parti Vert",N,N,13
11004,"Malpeque","Malpeque"," 33","Darlington",N,N,"",0,316,"Marshall","","George","N.D.P.","N.P.D.",N,N,20
11004,"Malpeque","Malpeque"," 33","Darlington",N,N,"",0,316,"Noble","","George","Conservative","Conservateur",N,N,50
11004,"Malpeque","Malpeque"," 34","Hampshire",N,N,"",0,300,"Easter","","Wayne","Liberal","Libéral",Y,Y,80
11004,"Malpeque","Malpeque"," 34","Hampshire",N,N,"",0,300,"Labchuk","","Sharon","Green Party","Parti Vert",N,N,8
11004,"Malpeque","Malpeque"," 34","Hampshire",N,N,"",0,300,"Marshall","","George","N.D.P.","N.P.D.",N,N,16
11004,"Malpeque","Malpeque"," 34","Hampshire",N,N,"",0,300,"Noble","","George","Conservative","Conservateur",N,N,101
11004,"Malpeque","Malpeque"," 35","North Wiltshire",N,N,"",2,496,"Easter","","Wayne","Liberal","Libéral",Y,Y,148
11004,"Malpeque","Malpeque"," 35","North Wiltshire",N,N,"",2,496,"Labchuk","","Sharon","Green Party","Parti Vert",N,N,9
11004,"Malpeque","Malpeque"," 35","North Wiltshire",N,N,"",2,496,"Marshall","","George","N.D.P.","N.P.D.",N,N,27
11004,"Malpeque","Malpeque"," 35","North Wiltshire",N,N,"",2,496,"Noble","","George","Conservative","Conservateur",N,N,85
11004,"Malpeque","Malpeque"," 36","Stanchel",N,N,"",3,304,"Easter","","Wayne","Liberal","Libéral",Y,Y,72
11004,"Malpeque","Malpeque"," 36","Stanchel",N,N,"",3,304,"Labchuk","","Sharon","Green Party","Parti Vert",N,N,20
11004,"Malpeque","Malpeque"," 36","Stanchel",N,N,"",3,304,"Marshall","","George","N.D.P.","N.P.D.",N,N,21
11004,"Malpeque","Malpeque"," 36","Stanchel",N,N,"",3,304,"Noble","","George","Conservative","Conservateur",N,N,48
11004,"Malpeque","Malpeque"," 37","Brookvale",N,N,"",6,320,"Easter","","Wayne","Liberal","Libéral",Y,Y,93
11004,"Malpeque","Malpeque"," 37","Brookvale",N,N,"",6,320,"Labchuk","","Sharon","Green Party","Parti Vert",N,N,14
11004,"Malpeque","Malpeque"," 37","Brookvale",N,N,"",6,320,"Marshall","","George","N.D.P.","N.P.D.",N,N,31
11004,"Malpeque","Malpeque"," 37","Brookvale",N,N,"",6,320,"Noble","","George","Conservative","Conservateur",N,N,75
11004,"Malpeque","Malpeque"," 38","Westmoreland",N,N,"",1,293,"Easter","","Wayne","Liberal","Libéral",Y,Y,129
11004,"Malpeque","Malpeque"," 38","Westmoreland",N,N,"",1,293,"Labchuk","","Sharon","Green Party","Parti Vert",N,N,16
11004,"Malpeque","Malpeque"," 38","Westmoreland",N,N,"",1,293,"Marshall","","George","N.D.P.","N.P.D.",N,N,15
11004,"Malpeque","Malpeque"," 38","Westmoreland",N,N,"",1,293,"Noble","","George","Conservative","Conservateur",N,N,60
11004,"Malpeque","Malpeque"," 39","Hampton",N,N,"",0,495,"Easter","","Wayne","Liberal","Libéral",Y,Y,138
11004,"Malpeque","Malpeque"," 39","Hampton",N,N,"",0,495,"Labchuk","","Sharon","Green Party","Parti Vert",N,N,37
11004,"Malpeque","Malpeque"," 39","Hampton",N,N,"",0,495,"Marshall","","George","N.D.P.","N.P.D.",N,N,39
11004,"Malpeque","Malpeque"," 39","Hampton",N,N,"",0,495,"Noble","","George","Conservative","Conservateur",N,N,104
11004,"Malpeque","Malpeque"," 40A","Bonshaw",N,N,"",0,204,"Easter","","Wayne","Liberal","Libéral",Y,Y,37
11004,"Malpeque","Malpeque"," 40A","Bonshaw",N,N,"",0,204,"Labchuk","","Sharon","Green Party","Parti Vert",N,N,11
11004,"Malpeque","Malpeque"," 40A","Bonshaw",N,N,"",0,204,"Marshall","","George","N.D.P.","N.P.D.",N,N,18
11004,"Malpeque","Malpeque"," 40A","Bonshaw",N,N,"",0,204,"Noble","","George","Conservative","Conservateur",N,N,46
11004,"Malpeque","Malpeque"," 40B","Bonshaw",N,N,"",1,283,"Easter","","Wayne","Liberal","Libéral",Y,Y,79
11004,"Malpeque","Malpeque"," 40B","Bonshaw",N,N,"",1,283,"Labchuk","","Sharon","Green Party","Parti Vert",N,N,7
11004,"Malpeque","Malpeque"," 40B","Bonshaw",N,N,"",1,283,"Marshall","","George","N.D.P.","N.P.D.",N,N,11
11004,"Malpeque","Malpeque"," 40B","Bonshaw",N,N,"",1,283,"Noble","","George","Conservative","Conservateur",N,N,87
11004,"Malpeque","Malpeque"," 41A","Brackley Point",N,N,"",3,238,"Easter","","Wayne","Liberal","Libéral",Y,Y,71
11004,"Malpeque","Malpeque"," 41A","Brackley Point",N,N,"",3,238,"Labchuk","","Sharon","Green Party","Parti Vert",N,N,10
11004,"Malpeque","Malpeque"," 41A","Brackley Point",N,N,"",3,238,"Marshall","","George","N.D.P.","N.P.D.",N,N,20
11004,"Malpeque","Malpeque"," 41A","Brackley Point",N,N,"",3,238,"Noble","","George","Conservative","Conservateur",N,N,52
11004,"Malpeque","Malpeque"," 41B","Brackley Point",N,N,"",0,317,"Easter","","Wayne","Liberal","Libéral",Y,Y,134
11004,"Malpeque","Malpeque"," 41B","Brackley Point",N,N,"",0,317,"Labchuk","","Sharon","Green Party","Parti Vert",N,N,6
11004,"Malpeque","Malpeque"," 41B","Brackley Point",N,N,"",0,317,"Marshall","","George","N.D.P.","N.P.D.",N,N,17
11004,"Malpeque","Malpeque"," 41B","Brackley Point",N,N,"",0,317,"Noble","","George","Conservative","Conservateur",N,N,56
11004,"Malpeque","Malpeque"," 42","Stanhope by the Sea",N,N,"",0,503,"Easter","","Wayne","Liberal","Libéral",Y,Y,198
11004,"Malpeque","Malpeque"," 42","Stanhope by the Sea",N,N,"",0,503,"Labchuk","","Sharon","Green Party","Parti Vert",N,N,5
11004,"Malpeque","Malpeque"," 42","Stanhope by the Sea",N,N,"",0,503,"Marshall","","George","N.D.P.","N.P.D.",N,N,38
11004,"Malpeque","Malpeque"," 42","Stanhope by the Sea",N,N,"",0,503,"Noble","","George","Conservative","Conservateur",N,N,106
11004,"Malpeque","Malpeque"," 43","Covehead Road",N,N,"",1,287,"Easter","","Wayne","Liberal","Libéral",Y,Y,120
11004,"Malpeque","Malpeque"," 43","Covehead Road",N,N,"",1,287,"Labchuk","","Sharon","Green Party","Parti Vert",N,N,5
11004,"Malpeque","Malpeque"," 43","Covehead Road",N,N,"",1,287,"Marshall","","George","N.D.P.","N.P.D.",N,N,22
11004,"Malpeque","Malpeque"," 43","Covehead Road",N,N,"",1,287,"Noble","","George","Conservative","Conservateur",N,N,57
11004,"Malpeque","Malpeque"," 44","York East",N,N,"",0,319,"Easter","","Wayne","Liberal","Libéral",Y,Y,104
11004,"Malpeque","Malpeque"," 44","York East",N,N,"",0,319,"Labchuk","","Sharon","Green Party","Parti Vert",N,N,11
11004,"Malpeque","Malpeque"," 44","York East",N,N,"",0,319,"Marshall","","George","N.D.P.","N.P.D.",N,N,18
11004,"Malpeque","Malpeque"," 44","York East",N,N,"",0,319,"Noble","","George","Conservative","Conservateur",N,N,73
11004,"Malpeque","Malpeque"," 45","Suffolk",N,N,"",0,331,"Easter","","Wayne","Liberal","Libéral",Y,Y,105
11004,"Malpeque","Malpeque"," 45","Suffolk",N,N,"",0,331,"Labchuk","","Sharon","Green Party","Parti Vert",N,N,11
11004,"Malpeque","Malpeque"," 45","Suffolk",N,N,"",0,331,"Marshall","","George","N.D.P.","N.P.D.",N,N,31
11004,"Malpeque","Malpeque"," 45","Suffolk",N,N,"",0,331,"Noble","","George","Conservative","Conservateur",N,N,57
11004,"Malpeque","Malpeque"," 46","Springvale",N,N,"",2,358,"Easter","","Wayne","Liberal","Libéral",Y,Y,111
11004,"Malpeque","Malpeque"," 46","Springvale",N,N,"",2,358,"Labchuk","","Sharon","Green Party","Parti Vert",N,N,9
11004,"Malpeque","Malpeque"," 46","Springvale",N,N,"",2,358,"Marshall","","George","N.D.P.","N.P.D.",N,N,26
11004,"Malpeque","Malpeque"," 46","Springvale",N,N,"",2,358,"Noble","","George","Conservative","Conservateur",N,N,64
11004,"Malpeque","Malpeque"," 47A","Milton",N,N,"",5,337,"Easter","","Wayne","Liberal","Libéral",Y,Y,100
11004,"Malpeque","Malpeque"," 47A","Milton",N,N,"",5,337,"Labchuk","","Sharon","Green Party","Parti Vert",N,N,4
11004,"Malpeque","Malpeque"," 47A","Milton",N,N,"",5,337,"Marshall","","George","N.D.P.","N.P.D.",N,N,16
11004,"Malpeque","Malpeque"," 47A","Milton",N,N,"",5,337,"Noble","","George","Conservative","Conservateur",N,N,65
11004,"Malpeque","Malpeque"," 47B","Milton",N,N,"",3,378,"Easter","","Wayne","Liberal","Libéral",Y,Y,109
11004,"Malpeque","Malpeque"," 47B","Milton",N,N,"",3,378,"Labchuk","","Sharon","Green Party","Parti Vert",N,N,8
11004,"Malpeque","Malpeque"," 47B","Milton",N,N,"",3,378,"Marshall","","George","N.D.P.","N.P.D.",N,N,19
11004,"Malpeque","Malpeque"," 47B","Milton",N,N,"",3,378,"Noble","","George","Conservative","Conservateur",N,N,83
11004,"Malpeque","Malpeque"," 48","Harrington",N,N,"",4,516,"Easter","","Wayne","Liberal","Libéral",Y,Y,166
11004,"Malpeque","Malpeque"," 48","Harrington",N,N,"",4,516,"Labchuk","","Sharon","Green Party","Parti Vert",N,N,11
11004,"Malpeque","Malpeque"," 48","Harrington",N,N,"",4,516,"Marshall","","George","N.D.P.","N.P.D.",N,N,50
11004,"Malpeque","Malpeque"," 48","Harrington",N,N,"",4,516,"Noble","","George","Conservative","Conservateur",N,N,141
11004,"Malpeque","Malpeque"," 49","Royalty Junction--York West",N,N,"",2,427,"Easter","","Wayne","Liberal","Libéral",Y,Y,144
11004,"Malpeque","Malpeque"," 49","Royalty Junction--York West",N,N,"",2,427,"Labchuk","","Sharon","Green Party","Parti Vert",N,N,8
11004,"Malpeque","Malpeque"," 49","Royalty Junction--York West",N,N,"",2,427,"Marshall","","George","N.D.P.","N.P.D.",N,N,20
11004,"Malpeque","Malpeque"," 49","Royalty Junction--York West",N,N,"",2,427,"Noble","","George","Conservative","Conservateur",N,N,91
11004,"Malpeque","Malpeque"," 50","York West",Y,N,"",0,0,"Easter","","Wayne","Liberal","Libéral",Y,Y,0
11004,"Malpeque","Malpeque"," 50","York West",Y,N,"",0,0,"Labchuk","","Sharon","Green Party","Parti Vert",N,N,0
11004,"Malpeque","Malpeque"," 50","York West",Y,N,"",0,0,"Marshall","","George","N.D.P.","N.P.D.",N,N,0
11004,"Malpeque","Malpeque"," 50","York West",Y,N,"",0,0,"Noble","","George","Conservative","Conservateur",N,N,0
11004,"Malpeque","Malpeque"," 51","Marshfield South",N,N,"",0,247,"Easter","","Wayne","Liberal","Libéral",Y,Y,104
11004,"Malpeque","Malpeque"," 51","Marshfield South",N,N,"",0,247,"Labchuk","","Sharon","Green Party","Parti Vert",N,N,16
11004,"Malpeque","Malpeque"," 51","Marshfield South",N,N,"",0,247,"Marshall","","George","N.D.P.","N.P.D.",N,N,18
11004,"Malpeque","Malpeque"," 51","Marshfield South",N,N,"",0,247,"Noble","","George","Conservative","Conservateur",N,N,52
11004,"Malpeque","Malpeque"," 52","Warren Grove",N,N,"",3,310,"Easter","","Wayne","Liberal","Libéral",Y,Y,128
11004,"Malpeque","Malpeque"," 52","Warren Grove",N,N,"",3,310,"Labchuk","","Sharon","Green Party","Parti Vert",N,N,9
11004,"Malpeque","Malpeque"," 52","Warren Grove",N,N,"",3,310,"Marshall","","George","N.D.P.","N.P.D.",N,N,20
11004,"Malpeque","Malpeque"," 52","Warren Grove",N,N,"",3,310,"Noble","","George","Conservative","Conservateur",N,N,54
11004,"Malpeque","Malpeque"," 53","Chateau Estates",N,N,"",0,384,"Easter","","Wayne","Liberal","Libéral",Y,Y,113
11004,"Malpeque","Malpeque"," 53","Chateau Estates",N,N,"",0,384,"Labchuk","","Sharon","Green Party","Parti Vert",N,N,6
11004,"Malpeque","Malpeque"," 53","Chateau Estates",N,N,"",0,384,"Marshall","","George","N.D.P.","N.P.D.",N,N,34
11004,"Malpeque","Malpeque"," 53","Chateau Estates",N,N,"",0,384,"Noble","","George","Conservative","Conservateur",N,N,52
11004,"Malpeque","Malpeque"," 54","East Wiltshire North",N,N,"",1,247,"Easter","","Wayne","Liberal","Libéral",Y,Y,64
11004,"Malpeque","Malpeque"," 54","East Wiltshire North",N,N,"",1,247,"Labchuk","","Sharon","Green Party","Parti Vert",N,N,3
11004,"Malpeque","Malpeque"," 54","East Wiltshire North",N,N,"",1,247,"Marshall","","George","N.D.P.","N.P.D.",N,N,20
11004,"Malpeque","Malpeque"," 54","East Wiltshire North",N,N,"",1,247,"Noble","","George","Conservative","Conservateur",N,N,48
11004,"Malpeque","Malpeque"," 55","York Point",N,N,"",0,507,"Easter","","Wayne","Liberal","Libéral",Y,Y,154
11004,"Malpeque","Malpeque"," 55","York Point",N,N,"",0,507,"Labchuk","","Sharon","Green Party","Parti Vert",N,N,13
11004,"Malpeque","Malpeque"," 55","York Point",N,N,"",0,507,"Marshall","","George","N.D.P.","N.P.D.",N,N,41
11004,"Malpeque","Malpeque"," 55","York Point",N,N,"",0,507,"Noble","","George","Conservative","Conservateur",N,N,82
11004,"Malpeque","Malpeque"," 56","Cornwall North",N,N,"",0,444,"Easter","","Wayne","Liberal","Libéral",Y,Y,90
11004,"Malpeque","Malpeque"," 56","Cornwall North",N,N,"",0,444,"Labchuk","","Sharon","Green Party","Parti Vert",N,N,4
11004,"Malpeque","Malpeque"," 56","Cornwall North",N,N,"",0,444,"Marshall","","George","N.D.P.","N.P.D.",N,N,43
11004,"Malpeque","Malpeque"," 56","Cornwall North",N,N,"",0,444,"Noble","","George","Conservative","Conservateur",N,N,84
11004,"Malpeque","Malpeque"," 57A","East Wiltshire South",N,N,"",1,312,"Easter","","Wayne","Liberal","Libéral",Y,Y,71
11004,"Malpeque","Malpeque"," 57A","East Wiltshire South",N,N,"",1,312,"Labchuk","","Sharon","Green Party","Parti Vert",N,N,5
11004,"Malpeque","Malpeque"," 57A","East Wiltshire South",N,N,"",1,312,"Marshall","","George","N.D.P.","N.P.D.",N,N,19
11004,"Malpeque","Malpeque"," 57A","East Wiltshire South",N,N,"",1,312,"Noble","","George","Conservative","Conservateur",N,N,62
11004,"Malpeque","Malpeque"," 57B","East Wiltshire South",N,N,"",0,307,"Easter","","Wayne","Liberal","Libéral",Y,Y,86
11004,"Malpeque","Malpeque"," 57B","East Wiltshire South",N,N,"",0,307,"Labchuk","","Sharon","Green Party","Parti Vert",N,N,0
11004,"Malpeque","Malpeque"," 57B","East Wiltshire South",N,N,"",0,307,"Marshall","","George","N.D.P.","N.P.D.",N,N,21
11004,"Malpeque","Malpeque"," 57B","East Wiltshire South",N,N,"",0,307,"Noble","","George","Conservative","Conservateur",N,N,58
11004,"Malpeque","Malpeque"," 58","Cornwall East",N,N,"",0,460,"Easter","","Wayne","Liberal","Libéral",Y,Y,124
11004,"Malpeque","Malpeque"," 58","Cornwall East",N,N,"",0,460,"Labchuk","","Sharon","Green Party","Parti Vert",N,N,19
11004,"Malpeque","Malpeque"," 58","Cornwall East",N,N,"",0,460,"Marshall","","George","N.D.P.","N.P.D.",N,N,32
11004,"Malpeque","Malpeque"," 58","Cornwall East",N,N,"",0,460,"Noble","","George","Conservative","Conservateur",N,N,77
11004,"Malpeque","Malpeque"," 59A","Ferry Road",N,N,"",0,301,"Easter","","Wayne","Liberal","Libéral",Y,Y,87
11004,"Malpeque","Malpeque"," 59A","Ferry Road",N,N,"",0,301,"Labchuk","","Sharon","Green Party","Parti Vert",N,N,9
11004,"Malpeque","Malpeque"," 59A","Ferry Road",N,N,"",0,301,"Marshall","","George","N.D.P.","N.P.D.",N,N,18
11004,"Malpeque","Malpeque"," 59A","Ferry Road",N,N,"",0,301,"Noble","","George","Conservative","Conservateur",N,N,47
11004,"Malpeque","Malpeque"," 59B","Ferry Road",N,N,"",0,238,"Easter","","Wayne","Liberal","Libéral",Y,Y,72
11004,"Malpeque","Malpeque"," 59B","Ferry Road",N,N,"",0,238,"Labchuk","","Sharon","Green Party","Parti Vert",N,N,11
11004,"Malpeque","Malpeque"," 59B","Ferry Road",N,N,"",0,238,"Marshall","","George","N.D.P.","N.P.D.",N,N,14
11004,"Malpeque","Malpeque"," 59B","Ferry Road",N,N,"",0,238,"Noble","","George","Conservative","Conservateur",N,N,39
11004,"Malpeque","Malpeque"," 60","Clyde River",N,N,"",2,414,"Easter","","Wayne","Liberal","Libéral",Y,Y,122
11004,"Malpeque","Malpeque"," 60","Clyde River",N,N,"",2,414,"Labchuk","","Sharon","Green Party","Parti Vert",N,N,7
11004,"Malpeque","Malpeque"," 60","Clyde River",N,N,"",2,414,"Marshall","","George","N.D.P.","N.P.D.",N,N,19
11004,"Malpeque","Malpeque"," 60","Clyde River",N,N,"",2,414,"Noble","","George","Conservative","Conservateur",N,N,76
11004,"Malpeque","Malpeque"," 61","Churchill",N,N,"",1,422,"Easter","","Wayne","Liberal","Libéral",Y,Y,136
11004,"Malpeque","Malpeque"," 61","Churchill",N,N,"",1,422,"Labchuk","","Sharon","Green Party","Parti Vert",N,N,17
11004,"Malpeque","Malpeque"," 61","Churchill",N,N,"",1,422,"Marshall","","George","N.D.P.","N.P.D.",N,N,28
11004,"Malpeque","Malpeque"," 61","Churchill",N,N,"",1,422,"Noble","","George","Conservative","Conservateur",N,N,103
11004,"Malpeque","Malpeque"," 62","Meadowbank West",N,N,"",0,167,"Easter","","Wayne","Liberal","Libéral",Y,Y,48
11004,"Malpeque","Malpeque"," 62","Meadowbank West",N,N,"",0,167,"Labchuk","","Sharon","Green Party","Parti Vert",N,N,7
11004,"Malpeque","Malpeque"," 62","Meadowbank West",N,N,"",0,167,"Marshall","","George","N.D.P.","N.P.D.",N,N,5
11004,"Malpeque","Malpeque"," 62","Meadowbank West",N,N,"",0,167,"Noble","","George","Conservative","Conservateur",N,N,30
11004,"Malpeque","Malpeque"," 63","Cornwall South",N,N,"",0,436,"Easter","","Wayne","Liberal","Libéral",Y,Y,119
11004,"Malpeque","Malpeque"," 63","Cornwall South",N,N,"",0,436,"Labchuk","","Sharon","Green Party","Parti Vert",N,N,7
11004,"Malpeque","Malpeque"," 63","Cornwall South",N,N,"",0,436,"Marshall","","George","N.D.P.","N.P.D.",N,N,27
11004,"Malpeque","Malpeque"," 63","Cornwall South",N,N,"",0,436,"Noble","","George","Conservative","Conservateur",N,N,62
11004,"Malpeque","Malpeque"," 64","Meadowbank East",N,N,"",1,208,"Easter","","Wayne","Liberal","Libéral",Y,Y,57
11004,"Malpeque","Malpeque"," 64","Meadowbank East",N,N,"",1,208,"Labchuk","","Sharon","Green Party","Parti Vert",N,N,10
11004,"Malpeque","Malpeque"," 64","Meadowbank East",N,N,"",1,208,"Marshall","","George","N.D.P.","N.P.D.",N,N,15
11004,"Malpeque","Malpeque"," 64","Meadowbank East",N,N,"",1,208,"Noble","","George","Conservative","Conservateur",N,N,45
11004,"Malpeque","Malpeque"," 65","Rocky Point",N,N,"",0,439,"Easter","","Wayne","Liberal","Libéral",Y,Y,125
11004,"Malpeque","Malpeque"," 65","Rocky Point",N,N,"",0,439,"Labchuk","","Sharon","Green Party","Parti Vert",N,N,23
11004,"Malpeque","Malpeque"," 65","Rocky Point",N,N,"",0,439,"Marshall","","George","N.D.P.","N.P.D.",N,N,21
11004,"Malpeque","Malpeque"," 65","Rocky Point",N,N,"",0,439,"Noble","","George","Conservative","Conservateur",N,N,100
11004,"Malpeque","Malpeque"," 66","Long Creek",N,N,"",1,413,"Easter","","Wayne","Liberal","Libéral",Y,Y,123
11004,"Malpeque","Malpeque"," 66","Long Creek",N,N,"",1,413,"Labchuk","","Sharon","Green Party","Parti Vert",N,N,23
11004,"Malpeque","Malpeque"," 66","Long Creek",N,N,"",1,413,"Marshall","","George","N.D.P.","N.P.D.",N,N,41
11004,"Malpeque","Malpeque"," 66","Long Creek",N,N,"",1,413,"Noble","","George","Conservative","Conservateur",N,N,108
11004,"Malpeque","Malpeque"," 67","Nine Mile Creek",N,N,"",1,405,"Easter","","Wayne","Liberal","Libéral",Y,Y,134
11004,"Malpeque","Malpeque"," 67","Nine Mile Creek",N,N,"",1,405,"Labchuk","","Sharon","Green Party","Parti Vert",N,N,14
11004,"Malpeque","Malpeque"," 67","Nine Mile Creek",N,N,"",1,405,"Marshall","","George","N.D.P.","N.P.D.",N,N,34
11004,"Malpeque","Malpeque"," 67","Nine Mile Creek",N,N,"",1,405,"Noble","","George","Conservative","Conservateur",N,N,100
11004,"Malpeque","Malpeque"," 500","Mobile poll/Bureau itinérant",N,N,"",1,62,"Easter","","Wayne","Liberal","Libéral",Y,Y,23
11004,"Malpeque","Malpeque"," 500","Mobile poll/Bureau itinérant",N,N,"",1,62,"Labchuk","","Sharon","Green Party","Parti Vert",N,N,2
11004,"Malpeque","Malpeque"," 500","Mobile poll/Bureau itinérant",N,N,"",1,62,"Marshall","","George","N.D.P.","N.P.D.",N,N,3
11004,"Malpeque","Malpeque"," 500","Mobile poll/Bureau itinérant",N,N,"",1,62,"Noble","","George","Conservative","Conservateur",N,N,13
11004,"Malpeque","Malpeque"," 600","Kensington",N,N,"",3,0,"Easter","","Wayne","Liberal","Libéral",Y,Y,508
11004,"Malpeque","Malpeque"," 600","Kensington",N,N,"",3,0,"Labchuk","","Sharon","Green Party","Parti Vert",N,N,24
11004,"Malpeque","Malpeque"," 600","Kensington",N,N,"",3,0,"Marshall","","George","N.D.P.","N.P.D.",N,N,46
11004,"Malpeque","Malpeque"," 600","Kensington",N,N,"",3,0,"Noble","","George","Conservative","Conservateur",N,N,360
11004,"Malpeque","Malpeque"," 601","North Rustico",N,N,"",2,0,"Easter","","Wayne","Liberal","Libéral",Y,Y,316
11004,"Malpeque","Malpeque"," 601","North Rustico",N,N,"",2,0,"Labchuk","","Sharon","Green Party","Parti Vert",N,N,28
11004,"Malpeque","Malpeque"," 601","North Rustico",N,N,"",2,0,"Marshall","","George","N.D.P.","N.P.D.",N,N,30
11004,"Malpeque","Malpeque"," 601","North Rustico",N,N,"",2,0,"Noble","","George","Conservative","Conservateur",N,N,242
11004,"Malpeque","Malpeque"," 602","Cornwall",N,N,"",12,0,"Easter","","Wayne","Liberal","Libéral",Y,Y,669
11004,"Malpeque","Malpeque"," 602","Cornwall",N,N,"",12,0,"Labchuk","","Sharon","Green Party","Parti Vert",N,N,52
11004,"Malpeque","Malpeque"," 602","Cornwall",N,N,"",12,0,"Marshall","","George","N.D.P.","N.P.D.",N,N,108
11004,"Malpeque","Malpeque"," 602","Cornwall",N,N,"",12,0,"Noble","","George","Conservative","Conservateur",N,N,429
11004,"Malpeque","Malpeque"," S/R 1","SVR Group 1/RÉS Groupe 1",N,N,"",1,116,"Easter","","Wayne","Liberal","Libéral",Y,Y,20
11004,"Malpeque","Malpeque"," S/R 1","SVR Group 1/RÉS Groupe 1",N,N,"",1,116,"Labchuk","","Sharon","Green Party","Parti Vert",N,N,4
11004,"Malpeque","Malpeque"," S/R 1","SVR Group 1/RÉS Groupe 1",N,N,"",1,116,"Marshall","","George","N.D.P.","N.P.D.",N,N,3
11004,"Malpeque","Malpeque"," S/R 1","SVR Group 1/RÉS Groupe 1",N,N,"",1,116,"Noble","","George","Conservative","Conservateur",N,N,23
11004,"Malpeque","Malpeque"," S/R 2","SVR Group 2/RÉS Groupe 2",N,N,"",7,0,"Easter","","Wayne","Liberal","Libéral",Y,Y,372
11004,"Malpeque","Malpeque"," S/R 2","SVR Group 2/RÉS Groupe 2",N,N,"",7,0,"Labchuk","","Sharon","Green Party","Parti Vert",N,N,25
11004,"Malpeque","Malpeque"," S/R 2","SVR Group 2/RÉS Groupe 2",N,N,"",7,0,"Marshall","","George","N.D.P.","N.P.D.",N,N,47
11004,"Malpeque","Malpeque"," S/R 2","SVR Group 2/RÉS Groupe 2",N,N,"",7,0,"Noble","","George","Conservative","Conservateur",N,N,198
